gross_unadjusted,team_name,season
127000000,Manchester City,2015-2016
123200000,Manchester United,2015-2016
100000000,Chelsea,2015-2016
96700000,Arsenal,2015-2016
93600000,Liverpool,2015-2016
55400000,Everton,2015-2016
55600000,Crystal Palace,2015-2016
53400000,Tottenham,2015-2016
52800000,West Ham,2015-2016
47100000,Newcastle,2015-2016
46300000,Sunderland,2015-2016
44400000,Southampton,2015-2016
42200000,Stoke City,2015-2016
41800000,West Bromwich,2015-2016
40600000,Swansea,2015-2016
38400000,Leicester,2015-2016
37000000,Aston Villa,2015-2016
32600000,Norwich,2015-2016
31000000,Watford,2015-2016
26600000,Bournemouth,2015-2016
152200000,Manchester United,2016-2017
135100000,Manchester City,2016-2017
102300000,Arsenal,2016-2017
98600000,Chelsea,2016-2017
90500000,Liverpool,2016-2017
72100000,Crystal Palace,2016-2017
71200000,Tottenham,2016-2017
67700000,Everton,2016-2017
63400000,Leicester,2016-2017
57200000,Southampton,2016-2017
54900000,West Ham,2016-2017
53600000,Stoke City,2016-2017
47700000,Sunderland,2016-2017
46600000,Watford,2016-2017
42100000,Hull City,2016-2017
41200000,West Bromwich,2016-2017
39700000,Swansea,2016-2017
38800000,Middlesbrough,2016-2017
33800000,Bournemouth,2016-2017
24600000,Burnley,2016-2017
163000000,Manchester United,2017-2018
160800000,Arsenal,2017-2018
135600000,Manchester City,2017-2018
121600000,Chelsea,2017-2018
96500000,Liverpool,2017-2018
84300000,Everton,2017-2018
80400000,Tottenham,2017-2018
68200000,Crystal Palace,2017-2018
68000000,West Ham,2017-2018
66600000,Southampton,2017-2018
65800000,Leicester,2017-2018
58100000,West Bromwich,2017-2018
51100000,Stoke City,2017-2018
48500000,Watford,2017-2018
47700000,Swansea,2017-2018
41900000,Bournemouth,2017-2018
39100000,Brighton,2017-2018
37500000,Newcastle,2017-2018
31900000,Burnley,2017-2018
25600000,Huddersfield,2017-2018
135000000,Chelsea,2018-2019
148400000,Manchester City,2018-2019
141700000,Manchester United,2018-2019
130800000,Arsenal,2018-2019
112300000,Liverpool,2018-2019
85200000,Tottenham,2018-2019
80000000,Everton,2018-2019
81000000,West Ham,2018-2019
68200000,Leicester,2018-2019
69800000,Crystal Palace,2018-2019
60900000,Southampton,2018-2019
44400000,Bournemouth,2018-2019
48300000,Fulham,2018-2019
46100000,Watford,2018-2019
44400000,Newcastle,2018-2019
42300000,Burnley,2018-2019
39400000,Brighton,2018-2019
38300000,Wolverhampton,2018-2019
31400000,Huddersfield,2018-2019
30800000,Cardiff,2018-2019
152400000,Manchester United,2019-2020
153000000,Manchester City,2019-2020
128400000,Chelsea,2019-2020
118300000,Arsenal,2019-2020
115700000,Liverpool,2019-2020
98300000,Tottenham,2019-2020
88200000,Everton,2019-2020
75500000,West Ham,2019-2020
70500000,Crystal Palace,2019-2020
66400000,Leicester,2019-2020
63500000,Newcastle,2019-2020
52500000,Watford,2019-2020
49700000,Southampton,2019-2020
46700000,Aston Villa,2019-2020
43500000,Wolverhampton,2019-2020
41200000,Brighton,2019-2020
45200000,Bournemouth,2019-2020
41000000,Burnley,2019-2020
21600000,Norwich,2019-2020
21400000,Sheffield United,2019-2020
176000000,Manchester United,2020-2021
152400000,Chelsea,2020-2021
115000000,Arsenal,2020-2021
142600000,Manchester City,2020-2021
130800000,Tottenham,2020-2021
127300000,Liverpool,2020-2021
90300000,Everton,2020-2021
83800000,Crystal Palace,2020-2021
72600000,Leicester,2020-2021
62800000,West Ham,2020-2021
58200000,Aston Villa,2020-2021
57900000,Newcastle,2020-2021
59400000,Southampton,2020-2021
49100000,Fulham,2020-2021
53500000,Wolverhampton,2020-2021
47300000,Brighton,2020-2021
29000000,West Bromwich,2020-2021
32800000,Burnley,2020-2021
31500000,Leeds,2020-2021
18200000,Sheffield United,2020-2021
214100000,Manchester United,2021-2022
187600000,Chelsea,2021-2022
166100000,Manchester City,2021-2022
150300000,Liverpool,2021-2022
89400000,Arsenal,2021-2022
87400000,Tottenham,2021-2022
106000000,Everton,2021-2022
73100000,Aston Villa,2021-2022
80500000,Leicester,2021-2022
76100000,West Ham,2021-2022
71700000,Newcastle,2021-2022
71900000,Crystal Palace,2021-2022
57100000,Wolverhampton,2021-2022
58200000,Southampton,2021-2022
43600000,Brighton,2021-2022
39100000,Watford,2021-2022
38200000,Burnley,2021-2022
37300000,Leeds,2021-2022
30500000,Norwich,2021-2022
25700000,Brentford,2021-2022
281400000,Manchester United,2022-2023
260500000,Chelsea,2022-2023
244000000,Manchester City,2022-2023
198600000,Liverpool,2022-2023
153400000,Arsenal,2022-2023
133500000,Tottenham,2022-2023
117100000,Aston Villa,2022-2023
103200000,Newcastle,2022-2023
101100000,West Ham,2022-2023
100300000,Everton,2022-2023
96900000,Leicester,2022-2023
89800000,Nottingham Forest,2022-2023
81300000,Crystal Palace,2022-2023
76700000,Wolverhampton,2022-2023
69400000,Fulham,2022-2023
74800000,Southampton,2022-2023
72000000,Leeds,2022-2023
59600000,Bournemouth,2022-2023
53300000,Brighton,2022-2023
46700000,Brentford,2022-2023
235900000,Manchester United,2023-2024
257600000,Manchester City,2023-2024
205500000,Arsenal,2023-2024
185000000,Chelsea,2023-2024
171900000,Liverpool,2023-2024
154500000,Tottenham,2023-2024
135400000,Aston Villa,2023-2024
113900000,West Ham,2023-2024
104300000,Newcastle,2023-2024
96500000,Everton,2023-2024
86300000,Nottingham Forest,2023-2024
89300000,Crystal Palace,2023-2024
80300000,Fulham,2023-2024
78700000,Brighton,2023-2024
67300000,Bournemouth,2023-2024
71600000,Wolverhampton,2023-2024
55600000,Brentford,2023-2024
47600000,Burnley,2023-2024
42200000,Sheffield United,2023-2024
31400000,Luton Town,2023-2024
279000000,Manchester City,2024-2025
213200000,Manchester United,2024-2025
205300000,Chelsea,2024-2025
205300000,Arsenal,2024-2025
179700000,Liverpool,2024-2025
165200000,Aston Villa,2024-2025
146000000,Tottenham,2024-2025
129000000,Newcastle,2024-2025
121600000,West Ham,2024-2025
91900000,Crystal Palace,2024-2025
89400000,Everton,2024-2025
87200000,Fulham,2024-2025
81100000,Brighton,2024-2025
99600000,Wolverhampton,2024-2025
81000000,Leicester,2024-2025
74000000,Nottingham Forest,2024-2025
62500000,Southampton,2024-2025
66200000,Bournemouth,2024-2025
55700000,Brentford,2024-2025
49200000,Ipswich Town,2024-2025
309800000,Manchester City,2025-2026
208600000,Manchester United,2025-2026
188300000,Chelsea,2025-2026
233400000,Arsenal,2025-2026
218000000,Liverpool,2025-2026
181700000,Aston Villa,2025-2026
176200000,Tottenham,2025-2026
145800000,Newcastle,2025-2026
103500000,West Ham,2025-2026
99800000,Crystal Palace,2025-2026
96100000,Everton,2025-2026
98600000,Fulham,2025-2026
86300000,Brighton,2025-2026
90200000,Wolverhampton,2025-2026
72100000,Leeds,2025-2026
109100000,Nottingham Forest,2025-2026
81000000,Sunderland,2025-2026
82300000,Bournemouth,2025-2026
72600000,Brentford,2025-2026
71500000,Burnley,2025-2026