team,season,squad_value_eur,n_players
Arsenal,2015-2016,457850000.0,38
Arsenal,2016-2017,542000000.0,37
Arsenal,2017-2018,694000000.0,37
Arsenal,2018-2019,659050000.0,35
Arsenal,2019-2020,607650000.0,31
Arsenal,2020-2021,619250000.0,37
Arsenal,2021-2022,613050000.0,36
Arsenal,2022-2023,1000700000.0,37
Arsenal,2023-2024,1203050000.0,40
Arsenal,2024-2025,1158450000.0,35
Arsenal,2025-2026,1326125000.0,34
Arsenal,2026-2027,1406500000.0,29
Aston Villa,2015-2016,117950000.0,34
Aston Villa,2019-2020,231700000.0,35
Aston Villa,2020-2021,430700000.0,49
Aston Villa,2021-2022,487750000.0,41
Aston Villa,2022-2023,509550000.0,37
Aston Villa,2023-2024,709650000.0,41
Aston Villa,2024-2025,680550000.0,34
Aston Villa,2025-2026,613975000.0,38
Aston Villa,2026-2027,499300000.0,25
Bournemouth,2015-2016,99900000.0,39
Bournemouth,2016-2017,131600000.0,32
Bournemouth,2017-2018,144500000.0,30
Bournemouth,2018-2019,310000000.0,34
Bournemouth,2019-2020,272175000.0,32
Bournemouth,2022-2023,287200000.0,40
Bournemouth,2023-2024,401750000.0,38
Bournemouth,2024-2025,518600000.0,38
Bournemouth,2025-2026,680975000.0,36
Bournemouth,2026-2027,565875000.0,30
Brentford,2021-2022,273300000.0,35
Brentford,2022-2023,371200000.0,35
Brentford,2023-2024,428775000.0,41
Brentford,2024-2025,427850000.0,34
Brentford,2025-2026,503575000.0,34
Brentford,2026-2027,565300000.0,31
Brighton,2017-2018,148200000.0,34
Brighton,2018-2019,194350000.0,34
Brighton,2019-2020,200775000.0,34
Brighton,2020-2021,290400000.0,43
Brighton,2021-2022,318000000.0,41
Brighton,2022-2023,529800000.0,40
Brighton,2023-2024,524400000.0,48
Brighton,2024-2025,667575000.0,46
Brighton,2025-2026,625000000.0,41
Brighton,2026-2027,619500000.0,30
Burnley,2016-2017,107175000.0,34
Burnley,2017-2018,169300000.0,29
Burnley,2018-2019,197250000.0,28
Burnley,2019-2020,163875000.0,27
Burnley,2020-2021,132300000.0,31
Burnley,2021-2022,137850000.0,29
Burnley,2023-2024,273475000.0,39
Burnley,2025-2026,236000000.0,35
Cardiff,2018-2019,113000000.0,31
Chelsea,2015-2016,553500000.0,34
Chelsea,2016-2017,686700000.0,49
Chelsea,2017-2018,884250000.0,42
Chelsea,2018-2019,1166650000.0,49
Chelsea,2019-2020,705850000.0,31
Chelsea,2020-2021,889200000.0,37
Chelsea,2021-2022,914500000.0,40
Chelsea,2022-2023,994950000.0,41
Chelsea,2023-2024,1013650000.0,50
Chelsea,2024-2025,1193950000.0,49
Chelsea,2025-2026,1152000000.0,34
Chelsea,2026-2027,1361700000.0,38
Coventry,2026-2027,265350000.0,28
Crystal Palace,2015-2016,135700000.0,33
Crystal Palace,2016-2017,228425000.0,38
Crystal Palace,2017-2018,220725000.0,36
Crystal Palace,2018-2019,289000000.0,31
Crystal Palace,2019-2020,189325000.0,26
Crystal Palace,2020-2021,193850000.0,34
Crystal Palace,2021-2022,271050000.0,30
Crystal Palace,2022-2023,323050000.0,37
Crystal Palace,2023-2024,446575000.0,38
Crystal Palace,2024-2025,526850000.0,39
Crystal Palace,2025-2026,702500000.0,36
Crystal Palace,2026-2027,539400000.0,29
Everton,2015-2016,249850000.0,33
Everton,2016-2017,311250000.0,37
Everton,2017-2018,381250000.0,39
Everton,2018-2019,529100000.0,40
Everton,2019-2020,420550000.0,32
Everton,2020-2021,511200000.0,37
Everton,2021-2022,479050000.0,36
Everton,2022-2023,413150000.0,38
Everton,2023-2024,391750000.0,32
Everton,2024-2025,363225000.0,32
Everton,2025-2026,459250000.0,31
Everton,2026-2027,471100000.0,24
Fulham,2018-2019,254250000.0,30
Fulham,2020-2021,239750000.0,38
Fulham,2022-2023,295100000.0,44
Fulham,2023-2024,384350000.0,35
Fulham,2024-2025,362350000.0,27
Fulham,2025-2026,376200000.0,27
Fulham,2026-2027,343800000.0,22
Huddersfield,2017-2018,106050000.0,34
Huddersfield,2018-2019,137450000.0,30
Hull,2016-2017,135850000.0,35
Hull,2026-2027,144300000.0,30
Ipswich,2024-2025,270100000.0,33
Ipswich,2026-2027,277650000.0,30
Leeds,2020-2021,238100000.0,37
Leeds,2021-2022,299450000.0,32
Leeds,2022-2023,345150000.0,40
Leeds,2025-2026,374200000.0,30
Leeds,2026-2027,412950000.0,26
Leicester,2015-2016,161100000.0,31
Leicester,2016-2017,218650000.0,30
Leicester,2017-2018,304250000.0,31
Leicester,2018-2019,434100000.0,36
Leicester,2019-2020,411100000.0,29
Leicester,2020-2021,510600000.0,32
Leicester,2021-2022,526550000.0,33
Leicester,2022-2023,490700000.0,35
Leicester,2024-2025,253350000.0,36
Liverpool,2015-2016,375250000.0,39
Liverpool,2016-2017,425650000.0,36
Liverpool,2017-2018,857500000.0,33
Liverpool,2018-2019,1172400000.0,33
Liverpool,2019-2020,1002650000.0,39
Liverpool,2020-2021,969650000.0,38
Liverpool,2021-2022,918900000.0,42
Liverpool,2022-2023,811850000.0,36
Liverpool,2023-2024,955650000.0,44
Liverpool,2024-2025,950950000.0,30
Liverpool,2025-2026,980500000.0,37
Liverpool,2026-2027,999500000.0,30
Luton,2023-2024,140900000.0,40
Man City,2015-2016,499350000.0,28
Man City,2016-2017,576500000.0,33
Man City,2017-2018,1009000000.0,29
Man City,2018-2019,1203450000.0,37
Man City,2019-2020,1048675000.0,32
Man City,2020-2021,1044500000.0,34
Man City,2021-2022,1003700000.0,35
Man City,2022-2023,1145950000.0,31
Man City,2023-2024,1462500000.0,36
Man City,2024-2025,1358000000.0,40
Man City,2025-2026,1390600000.0,36
Man City,2026-2027,1465800000.0,30
Man United,2015-2016,439850000.0,34
Man United,2016-2017,531450000.0,35
Man United,2017-2018,849500000.0,33
Man United,2018-2019,797600000.0,31
Man United,2019-2020,670450000.0,39
Man United,2020-2021,770050000.0,39
Man United,2021-2022,769150000.0,39
Man United,2022-2023,847750000.0,44
Man United,2023-2024,808350000.0,40
Man United,2024-2025,825000000.0,35
Man United,2025-2026,774600000.0,32
Man United,2026-2027,874300000.0,29
Middlesbrough,2016-2017,128800000.0,35
Newcastle,2015-2016,198000000.0,38
Newcastle,2017-2018,208275000.0,36
Newcastle,2018-2019,244650000.0,34
Newcastle,2019-2020,252475000.0,34
Newcastle,2020-2021,255350000.0,33
Newcastle,2021-2022,313900000.0,32
Newcastle,2022-2023,541600000.0,37
Newcastle,2023-2024,652250000.0,41
Newcastle,2024-2025,677525000.0,33
Newcastle,2025-2026,697700000.0,33
Newcastle,2026-2027,566300000.0,24
Norwich,2015-2016,116900000.0,41
Norwich,2019-2020,145325000.0,32
Norwich,2021-2022,163200000.0,41
Nott'm Forest,2022-2023,376250000.0,47
Nott'm Forest,2023-2024,501350000.0,46
Nott'm Forest,2024-2025,481300000.0,33
Nott'm Forest,2025-2026,638675000.0,34
Nott'm Forest,2026-2027,560800000.0,30
Sheffield United,2019-2020,138600000.0,34
Sheffield United,2020-2021,149850000.0,36
Sheffield United,2023-2024,152350000.0,42
Southampton,2015-2016,225500000.0,31
Southampton,2016-2017,263750000.0,33
Southampton,2017-2018,297000000.0,28
Southampton,2018-2019,305400000.0,35
Southampton,2019-2020,210750000.0,29
Southampton,2020-2021,282800000.0,38
Southampton,2021-2022,274300000.0,31
Southampton,2022-2023,419950000.0,42
Southampton,2024-2025,310050000.0,40
Stoke,2015-2016,147000000.0,28
Stoke,2016-2017,186000000.0,30
Stoke,2017-2018,192450000.0,33
Sunderland,2015-2016,111250000.0,33
Sunderland,2016-2017,132000000.0,33
Sunderland,2025-2026,446675000.0,40
Sunderland,2026-2027,380575000.0,27
Swansea,2015-2016,145800000.0,30
Swansea,2016-2017,157100000.0,36
Swansea,2017-2018,165490000.0,33
Tottenham,2015-2016,371850000.0,27
Tottenham,2016-2017,543650000.0,34
Tottenham,2017-2018,829600000.0,30
Tottenham,2018-2019,898600000.0,30
Tottenham,2019-2020,806800000.0,32
Tottenham,2020-2021,703500000.0,38
Tottenham,2021-2022,689350000.0,36
Tottenham,2022-2023,649100000.0,31
Tottenham,2023-2024,838500000.0,39
Tottenham,2024-2025,777300000.0,35
Tottenham,2025-2026,813400000.0,39
Tottenham,2026-2027,812500000.0,31
Watford,2015-2016,137000000.0,38
Watford,2016-2017,175650000.0,40
Watford,2017-2018,196000000.0,34
Watford,2018-2019,239100000.0,39
Watford,2019-2020,199600000.0,33
Watford,2021-2022,156200000.0,41
West Brom,2015-2016,113100000.0,28
West Brom,2016-2017,123200000.0,27
West Brom,2017-2018,165950000.0,29
West Brom,2020-2021,141150000.0,35
West Ham,2015-2016,201325000.0,37
West Ham,2016-2017,273050000.0,37
West Ham,2017-2018,268100000.0,35
West Ham,2018-2019,359000000.0,32
West Ham,2019-2020,303600000.0,31
West Ham,2020-2021,336400000.0,37
West Ham,2021-2022,354900000.0,33
West Ham,2022-2023,465600000.0,39
West Ham,2023-2024,487500000.0,35
West Ham,2024-2025,400700000.0,28
West Ham,2025-2026,469725000.0,37
Wolves,2018-2019,302900000.0,33
Wolves,2019-2020,320325000.0,34
Wolves,2020-2021,450300000.0,32
Wolves,2021-2022,376950000.0,34
Wolves,2022-2023,497650000.0,40
Wolves,2023-2024,442725000.0,39
Wolves,2024-2025,433050000.0,41
Wolves,2025-2026,389850000.0,36
