team,season,squad_value_eur,n_players,cpi_index,deflator,squad_value_2025_26_terms
Arsenal,2015-2016,457850000.0,38,100.15,1.40099850224663,641447164
Arsenal,2016-2017,542000000.0,37,101.87,1.3773436733091193,746520271
Arsenal,2017-2018,694000000.0,37,104.71,1.33998662973928,929950721
Arsenal,2018-2019,659050000.0,35,106.95,1.311921458625526,864621837
Arsenal,2019-2020,607650000.0,31,108.46,1.293656647612023,786090462
Arsenal,2020-2021,619250000.0,37,109.33,1.2833622976310253,794722103
Arsenal,2021-2022,613050000.0,36,115.63,1.2134394188359423,743899036
Arsenal,2022-2023,1000700000.0,37,127.19000000000001,1.1031527635820426,1103924971
Arsenal,2023-2024,1203050000.0,40,132.34,1.0602236663140396,1275502082
Arsenal,2024-2025,1158450000.0,35,135.87,1.0326782954294547,1196306171
Arsenal,2025-2026,1326125000.0,34,140.31,1.0,1326125000
Arsenal,2026-2027,1328000000.0,24,142.4,0.9853230337078651,1308508989
Aston Villa,2015-2016,117950000.0,34,100.15,1.40099850224663,165247773
Aston Villa,2019-2020,231700000.0,35,108.46,1.293656647612023,299740245
Aston Villa,2020-2021,430700000.0,49,109.33,1.2833622976310253,552744142
Aston Villa,2021-2022,487750000.0,41,115.63,1.2134394188359423,591855077
Aston Villa,2022-2023,509550000.0,37,127.19000000000001,1.1031527635820426,562111491
Aston Villa,2023-2024,709650000.0,41,132.34,1.0602236663140396,752387725
Aston Villa,2024-2025,680550000.0,34,135.87,1.0326782954294547,702789214
Aston Villa,2025-2026,613975000.0,38,140.31,1.0,613975000
Aston Villa,2026-2027,572300000.0,27,142.4,0.9853230337078651,563900372
Bournemouth,2015-2016,99900000.0,39,100.15,1.40099850224663,139959750
Bournemouth,2016-2017,131600000.0,32,101.87,1.3773436733091193,181258427
Bournemouth,2017-2018,144500000.0,30,104.71,1.33998662973928,193628068
Bournemouth,2018-2019,310000000.0,34,106.95,1.311921458625526,406695652
Bournemouth,2019-2020,272175000.0,32,108.46,1.293656647612023,352100998
Bournemouth,2022-2023,287200000.0,40,127.19000000000001,1.1031527635820426,316825474
Bournemouth,2023-2024,401750000.0,38,132.34,1.0602236663140396,425944858
Bournemouth,2024-2025,518600000.0,38,135.87,1.0326782954294547,535546964
Bournemouth,2025-2026,680975000.0,36,140.31,1.0,680975000
Bournemouth,2026-2027,574550000.0,29,142.4,0.9853230337078651,566117349
Brentford,2021-2022,273300000.0,35,115.63,1.2134394188359423,331632993
Brentford,2022-2023,371200000.0,35,127.19000000000001,1.1031527635820426,409490306
Brentford,2023-2024,428775000.0,41,132.34,1.0602236663140396,454597403
Brentford,2024-2025,427850000.0,34,135.87,1.0326782954294547,441831409
Brentford,2025-2026,503575000.0,34,140.31,1.0,503575000
Brentford,2026-2027,584800000.0,29,142.4,0.9853230337078651,576216910
Brighton,2017-2018,148200000.0,34,104.71,1.33998662973928,198586019
Brighton,2018-2019,194350000.0,34,106.95,1.311921458625526,254971935
Brighton,2019-2020,200775000.0,34,108.46,1.293656647612023,259733913
Brighton,2020-2021,290400000.0,43,109.33,1.2833622976310253,372688411
Brighton,2021-2022,318000000.0,41,115.63,1.2134394188359423,385873735
Brighton,2022-2023,529800000.0,40,127.19000000000001,1.1031527635820426,584450334
Brighton,2023-2024,524400000.0,48,132.34,1.0602236663140396,555981291
Brighton,2024-2025,667575000.0,46,135.87,1.0326782954294547,689390213
Brighton,2025-2026,625000000.0,41,140.31,1.0,625000000
Brighton,2026-2027,603500000.0,30,142.4,0.9853230337078651,594642451
Burnley,2016-2017,107175000.0,34,101.87,1.3773436733091193,147616808
Burnley,2017-2018,169300000.0,29,104.71,1.33998662973928,226859736
Burnley,2018-2019,197250000.0,28,106.95,1.311921458625526,258776508
Burnley,2019-2020,163875000.0,27,108.46,1.293656647612023,211997983
Burnley,2020-2021,132300000.0,31,109.33,1.2833622976310253,169788832
Burnley,2021-2022,137850000.0,29,115.63,1.2134394188359423,167272624
Burnley,2023-2024,273475000.0,39,132.34,1.0602236663140396,289944667
Burnley,2025-2026,236000000.0,35,140.31,1.0,236000000
Cardiff,2018-2019,113000000.0,31,106.95,1.311921458625526,148247125
Chelsea,2015-2016,553500000.0,34,100.15,1.40099850224663,775452671
Chelsea,2016-2017,686700000.0,49,101.87,1.3773436733091193,945821900
Chelsea,2017-2018,884250000.0,42,104.71,1.33998662973928,1184883177
Chelsea,2018-2019,1166650000.0,49,106.95,1.311921458625526,1530553170
Chelsea,2019-2020,705850000.0,31,108.46,1.293656647612023,913127545
Chelsea,2020-2021,889200000.0,37,109.33,1.2833622976310253,1141165755
Chelsea,2021-2022,914500000.0,40,115.63,1.2134394188359423,1109690349
Chelsea,2022-2023,994950000.0,41,127.19000000000001,1.1031527635820426,1097581842
Chelsea,2023-2024,1013650000.0,50,132.34,1.0602236663140396,1074695719
Chelsea,2024-2025,1193950000.0,49,135.87,1.0326782954294547,1232966251
Chelsea,2025-2026,1152000000.0,34,140.31,1.0,1152000000
Chelsea,2026-2027,1084700000.0,28,142.4,0.9853230337078651,1068779895
Coventry,2026-2027,278700000.0,28,142.4,0.9853230337078651,274609529
Crystal Palace,2015-2016,135700000.0,33,100.15,1.40099850224663,190115497
Crystal Palace,2016-2017,228425000.0,38,101.87,1.3773436733091193,314619729
Crystal Palace,2017-2018,220725000.0,36,104.71,1.33998662973928,295768549
Crystal Palace,2018-2019,289000000.0,31,106.95,1.311921458625526,379145302
Crystal Palace,2019-2020,189325000.0,26,108.46,1.293656647612023,244921545
Crystal Palace,2020-2021,193850000.0,34,109.33,1.2833622976310253,248779781
Crystal Palace,2021-2022,271050000.0,30,115.63,1.2134394188359423,328902754
Crystal Palace,2022-2023,323050000.0,37,127.19000000000001,1.1031527635820426,356373500
Crystal Palace,2023-2024,446575000.0,38,132.34,1.0602236663140396,473469384
Crystal Palace,2024-2025,526850000.0,39,135.87,1.0326782954294547,544066560
Crystal Palace,2025-2026,702500000.0,36,140.31,1.0,702500000
Crystal Palace,2026-2027,591200000.0,30,142.4,0.9853230337078651,582522978
Everton,2015-2016,249850000.0,33,100.15,1.40099850224663,350039476
Everton,2016-2017,311250000.0,37,101.87,1.3773436733091193,428698218
Everton,2017-2018,381250000.0,39,104.71,1.33998662973928,510869903
Everton,2018-2019,529100000.0,40,106.95,1.311921458625526,694137644
Everton,2019-2020,420550000.0,32,108.46,1.293656647612023,544047303
Everton,2020-2021,511200000.0,37,109.33,1.2833622976310253,656054807
Everton,2021-2022,479050000.0,36,115.63,1.2134394188359423,581298154
Everton,2022-2023,413150000.0,38,127.19000000000001,1.1031527635820426,455767564
Everton,2023-2024,391750000.0,32,132.34,1.0602236663140396,415342621
Everton,2024-2025,363225000.0,32,135.87,1.0326782954294547,375094574
Everton,2025-2026,459250000.0,31,140.31,1.0,459250000
Everton,2026-2027,394100000.0,21,142.4,0.9853230337078651,388315808
Fulham,2018-2019,254250000.0,30,106.95,1.311921458625526,333556031
Fulham,2020-2021,239750000.0,38,109.33,1.2833622976310253,307686111
Fulham,2022-2023,295100000.0,44,127.19000000000001,1.1031527635820426,325540381
Fulham,2023-2024,384350000.0,35,132.34,1.0602236663140396,407496966
Fulham,2024-2025,362350000.0,27,135.87,1.0326782954294547,374190980
Fulham,2025-2026,376200000.0,27,140.31,1.0,376200000
Fulham,2026-2027,401800000.0,26,142.4,0.9853230337078651,395902795
Huddersfield,2017-2018,106050000.0,34,104.71,1.33998662973928,142105582
Huddersfield,2018-2019,137450000.0,30,106.95,1.311921458625526,180323604
Hull,2016-2017,135850000.0,35,101.87,1.3773436733091193,187112138
Hull,2026-2027,252900000.0,34,142.4,0.9853230337078651,249188195
Ipswich,2024-2025,270100000.0,33,135.87,1.0326782954294547,278926408
Ipswich,2026-2027,330550000.0,28,142.4,0.9853230337078651,325698529
Leeds,2020-2021,238100000.0,37,109.33,1.2833622976310253,305568563
Leeds,2021-2022,299450000.0,32,115.63,1.2134394188359423,363364434
Leeds,2022-2023,345150000.0,40,127.19000000000001,1.1031527635820426,380753176
Leeds,2025-2026,374200000.0,30,140.31,1.0,374200000
Leeds,2026-2027,407550000.0,24,142.4,0.9853230337078651,401568402
Leicester,2015-2016,161100000.0,31,100.15,1.40099850224663,225700859
Leicester,2016-2017,218650000.0,30,101.87,1.3773436733091193,301156194
Leicester,2017-2018,304250000.0,31,104.71,1.33998662973928,407690932
Leicester,2018-2019,434100000.0,36,106.95,1.311921458625526,569505105
Leicester,2019-2020,411100000.0,29,108.46,1.293656647612023,531822248
Leicester,2020-2021,510600000.0,32,109.33,1.2833622976310253,655284789
Leicester,2021-2022,526550000.0,33,115.63,1.2134394188359423,638936526
Leicester,2022-2023,490700000.0,35,127.19000000000001,1.1031527635820426,541317061
Leicester,2024-2025,253350000.0,36,135.87,1.0326782954294547,261629046
Liverpool,2015-2016,375250000.0,39,100.15,1.40099850224663,525724688
Liverpool,2016-2017,425650000.0,36,101.87,1.3773436733091193,586266335
Liverpool,2017-2018,857500000.0,33,104.71,1.33998662973928,1149038535
Liverpool,2018-2019,1172400000.0,33,106.95,1.311921458625526,1538096718
Liverpool,2019-2020,1002650000.0,39,108.46,1.293656647612023,1297084838
Liverpool,2020-2021,969650000.0,38,109.33,1.2833622976310253,1244412252
Liverpool,2021-2022,918900000.0,42,115.63,1.2134394188359423,1115029482
Liverpool,2022-2023,811850000.0,36,127.19000000000001,1.1031527635820426,895594571
Liverpool,2023-2024,955650000.0,44,132.34,1.0602236663140396,1013202747
Liverpool,2024-2025,950950000.0,30,135.87,1.0326782954294547,982025425
Liverpool,2025-2026,980500000.0,37,140.31,1.0,980500000
Liverpool,2026-2027,1029000000.0,27,142.4,0.9853230337078651,1013897402
Luton,2023-2024,140900000.0,40,132.34,1.0602236663140396,149385515
Man City,2015-2016,499350000.0,28,100.15,1.40099850224663,699588602
Man City,2016-2017,576500000.0,33,101.87,1.3773436733091193,794038628
Man City,2017-2018,1009000000.0,29,104.71,1.33998662973928,1352046509
Man City,2018-2019,1203450000.0,37,106.95,1.311921458625526,1578831879
Man City,2019-2020,1048675000.0,32,108.46,1.293656647612023,1356625385
Man City,2020-2021,1044500000.0,34,109.33,1.2833622976310253,1340471920
Man City,2021-2022,1003700000.0,35,115.63,1.2134394188359423,1217929145
Man City,2022-2023,1145950000.0,31,127.19000000000001,1.1031527635820426,1264157909
Man City,2023-2024,1462500000.0,36,132.34,1.0602236663140396,1550577112
Man City,2024-2025,1358000000.0,40,135.87,1.0326782954294547,1402377125
Man City,2025-2026,1390600000.0,36,140.31,1.0,1390600000
Man City,2026-2027,1434800000.0,25,142.4,0.9853230337078651,1413741489
Man United,2015-2016,439850000.0,34,100.15,1.40099850224663,616229191
Man United,2016-2017,531450000.0,35,101.87,1.3773436733091193,731989295
Man United,2017-2018,849500000.0,33,104.71,1.33998662973928,1138318642
Man United,2018-2019,797600000.0,31,106.95,1.311921458625526,1046388555
Man United,2019-2020,670450000.0,39,108.46,1.293656647612023,867332099
Man United,2020-2021,770050000.0,39,109.33,1.2833622976310253,988253137
Man United,2021-2022,769150000.0,39,115.63,1.2134394188359423,933316929
Man United,2022-2023,847750000.0,44,127.19000000000001,1.1031527635820426,935197755
Man United,2023-2024,808350000.0,40,132.34,1.0602236663140396,857031801
Man United,2024-2025,825000000.0,35,135.87,1.0326782954294547,851959594
Man United,2025-2026,774600000.0,32,140.31,1.0,774600000
Man United,2026-2027,924300000.0,29,142.4,0.9853230337078651,910734080
Middlesbrough,2016-2017,128800000.0,35,101.87,1.3773436733091193,177401865
Newcastle,2015-2016,198000000.0,38,100.15,1.40099850224663,277397703
Newcastle,2017-2018,208275000.0,36,104.71,1.33998662973928,279085715
Newcastle,2018-2019,244650000.0,34,106.95,1.311921458625526,320961585
Newcastle,2019-2020,252475000.0,34,108.46,1.293656647612023,326615962
Newcastle,2020-2021,255350000.0,33,109.33,1.2833622976310253,327706563
Newcastle,2021-2022,313900000.0,32,115.63,1.2134394188359423,380898634
Newcastle,2022-2023,541600000.0,37,127.19000000000001,1.1031527635820426,597467537
Newcastle,2023-2024,652250000.0,41,132.34,1.0602236663140396,691530886
Newcastle,2024-2025,677525000.0,33,135.87,1.0326782954294547,699665362
Newcastle,2025-2026,697700000.0,33,140.31,1.0,697700000
Newcastle,2026-2027,606100000.0,25,142.4,0.9853230337078651,597204291
Norwich,2015-2016,116900000.0,41,100.15,1.40099850224663,163776725
Norwich,2019-2020,145325000.0,32,108.46,1.293656647612023,188000652
Norwich,2021-2022,163200000.0,41,115.63,1.2134394188359423,198033313
Nott'm Forest,2022-2023,376250000.0,47,127.19000000000001,1.1031527635820426,415061227
Nott'm Forest,2023-2024,501350000.0,46,132.34,1.0602236663140396,531543135
Nott'm Forest,2024-2025,481300000.0,33,135.87,1.0326782954294547,497028064
Nott'm Forest,2025-2026,638675000.0,34,140.31,1.0,638675000
Nott'm Forest,2026-2027,520500000.0,24,142.4,0.9853230337078651,512860639
Sheffield United,2019-2020,138600000.0,34,108.46,1.293656647612023,179300811
Sheffield United,2020-2021,149850000.0,36,109.33,1.2833622976310253,192311840
Sheffield United,2023-2024,152350000.0,42,132.34,1.0602236663140396,161525076
Southampton,2015-2016,225500000.0,31,100.15,1.40099850224663,315925162
Southampton,2016-2017,263750000.0,33,101.87,1.3773436733091193,363274394
Southampton,2017-2018,297000000.0,28,104.71,1.33998662973928,397976029
Southampton,2018-2019,305400000.0,35,106.95,1.311921458625526,400660813
Southampton,2019-2020,210750000.0,29,108.46,1.293656647612023,272638138
Southampton,2020-2021,282800000.0,38,109.33,1.2833622976310253,362934858
Southampton,2021-2022,274300000.0,31,115.63,1.2134394188359423,332846433
Southampton,2022-2023,419950000.0,42,127.19000000000001,1.1031527635820426,463269003
Southampton,2024-2025,310050000.0,40,135.87,1.0326782954294547,320181905
Stoke,2015-2016,147000000.0,28,100.15,1.40099850224663,205946780
Stoke,2016-2017,186000000.0,30,101.87,1.3773436733091193,256185923
Stoke,2017-2018,192450000.0,33,104.71,1.33998662973928,257880427
Sunderland,2015-2016,111250000.0,33,100.15,1.40099850224663,155861083
Sunderland,2016-2017,132000000.0,33,101.87,1.3773436733091193,181809365
Sunderland,2025-2026,446675000.0,40,140.31,1.0,446675000
Sunderland,2026-2027,421625000.0,29,142.4,0.9853230337078651,415436824
Swansea,2015-2016,145800000.0,30,100.15,1.40099850224663,204265582
Swansea,2016-2017,157100000.0,36,101.87,1.3773436733091193,216380691
Swansea,2017-2018,165490000.0,33,104.71,1.33998662973928,221754387
Tottenham,2015-2016,371850000.0,27,100.15,1.40099850224663,520961293
Tottenham,2016-2017,543650000.0,34,101.87,1.3773436733091193,748792888
Tottenham,2017-2018,829600000.0,30,104.71,1.33998662973928,1111652908
Tottenham,2018-2019,898600000.0,30,106.95,1.311921458625526,1178892623
Tottenham,2019-2020,806800000.0,32,108.46,1.293656647612023,1043722183
Tottenham,2020-2021,703500000.0,38,109.33,1.2833622976310253,902845376
Tottenham,2021-2022,689350000.0,36,115.63,1.2134394188359423,836484463
Tottenham,2022-2023,649100000.0,31,127.19000000000001,1.1031527635820426,716056459
Tottenham,2023-2024,838500000.0,39,132.34,1.0602236663140396,888997544
Tottenham,2024-2025,777300000.0,35,135.87,1.0326782954294547,802700839
Tottenham,2025-2026,813400000.0,39,140.31,1.0,813400000
Tottenham,2026-2027,809000000.0,27,142.4,0.9853230337078651,797126334
Watford,2015-2016,137000000.0,38,100.15,1.40099850224663,191936795
Watford,2016-2017,175650000.0,40,101.87,1.3773436733091193,241930416
Watford,2017-2018,196000000.0,34,104.71,1.33998662973928,262637379
Watford,2018-2019,239100000.0,39,106.95,1.311921458625526,313680421
Watford,2019-2020,199600000.0,33,108.46,1.293656647612023,258213867
Watford,2021-2022,156200000.0,41,115.63,1.2134394188359423,189539237
West Brom,2015-2016,113100000.0,28,100.15,1.40099850224663,158452931
West Brom,2016-2017,123200000.0,27,101.87,1.3773436733091193,169688741
West Brom,2017-2018,165950000.0,29,104.71,1.33998662973928,222370781
West Brom,2020-2021,141150000.0,35,109.33,1.2833622976310253,181146588
West Ham,2015-2016,201325000.0,37,100.15,1.40099850224663,282056023
West Ham,2016-2017,273050000.0,37,101.87,1.3773436733091193,376083690
West Ham,2017-2018,268100000.0,35,104.71,1.33998662973928,359250415
West Ham,2018-2019,359000000.0,32,106.95,1.311921458625526,470979804
West Ham,2019-2020,303600000.0,31,108.46,1.293656647612023,392754158
West Ham,2020-2021,336400000.0,37,109.33,1.2833622976310253,431723077
West Ham,2021-2022,354900000.0,33,115.63,1.2134394188359423,430649650
West Ham,2022-2023,465600000.0,39,127.19000000000001,1.1031527635820426,513627927
West Ham,2023-2024,487500000.0,35,132.34,1.0602236663140396,516859037
West Ham,2024-2025,400700000.0,28,135.87,1.0326782954294547,413794193
West Ham,2025-2026,469725000.0,37,140.31,1.0,469725000
Wolves,2018-2019,302900000.0,33,106.95,1.311921458625526,397381010
Wolves,2019-2020,320325000.0,34,108.46,1.293656647612023,414390566
Wolves,2020-2021,450300000.0,32,109.33,1.2833622976310253,577898043
Wolves,2021-2022,376950000.0,34,115.63,1.2134394188359423,457405989
Wolves,2022-2023,497650000.0,40,127.19000000000001,1.1031527635820426,548983973
Wolves,2023-2024,442725000.0,39,132.34,1.0602236663140396,469387523
Wolves,2024-2025,433050000.0,41,135.87,1.0326782954294547,447201336
Wolves,2025-2026,389850000.0,36,140.31,1.0,389850000
